<?xml version="1.0" encoding="UTF-8"?>
<project-private xmlns="http://www.netbeans.org/ns/project-private/1">
    <editor-bookmarks xmlns="http://www.netbeans.org/ns/editor-bookmarks/2" lastBookmarkId="0"/>
    <open-files xmlns="http://www.netbeans.org/ns/projectui-open-files/2">
        <group>
            <file>file:/C:/Users/Jordan/Documents/NetBeansProjects/CENADI_vs_3/src/dao/DataBase.java</file>
            <file>file:/C:/Users/Jordan/Documents/NetBeansProjects/CENADI_vs_3/src/dao/TimeServer.java</file>
            <file>file:/C:/Users/Jordan/Documents/NetBeansProjects/CENADI_vs_3/src/controller/CtrlAccordePermission.java</file>
            <file>file:/C:/Users/Jordan/Documents/NetBeansProjects/CENADI_vs_3/src/dao/ClientConnexion.java</file>
            <file>file:/C:/Users/Jordan/Documents/NetBeansProjects/CENADI_vs_3/src/controller/CtrlAcceuil.java</file>
            <file>file:/C:/Users/Jordan/Documents/NetBeansProjects/CENADI_vs_3/src/dao/ClientProcessor.java</file>
            <file>file:/C:/Users/Jordan/Documents/NetBeansProjects/CENADI_vs_3/src/controller/CtrlRepriseService.java</file>
            <file>file:/C:/Users/Jordan/Documents/NetBeansProjects/CENADI_vs_3/src/controller/CtrlAttestation.java</file>
        </group>
    </open-files>
</project-private>
